<SubmitObjectsRequest xmlns:xsi="http://www.w3.org/2001/XMLSchema-instance" xmlns:xsd="http://www.w3.org/2001/XMLSchema" xmlns="urn:oasis:names:tc:ebxml-regrep:xsd:lcm:3.0">
  <RegistryObjectList xmlns="urn:oasis:names:tc:ebxml-regrep:xsd:rim:3.0">
    <ExtrinsicObject id="655883d1-54a6-4dbb-a616-48e71e46b3e2" objectType="urn:uuid:7edca82f-054d-47f2-a032-9b2a5b5186c1" status="urn:oasis:names:tc:ebxml-regrep:StatusType:Approved" mimeType="text/xml" isOpaque="false">
      <Slot name="repositoryUniqueId">
        <ValueList>
          <Value>65314142.0519.4144.9062.8873831131</Value>
        </ValueList>
      </Slot>
      <Slot name="creationTime">
        <ValueList>
          <Value>20120806</Value>
        </ValueList>
      </Slot>
      <Slot name="languageCode">
        <ValueList>
          <Value>en-us</Value>
        </ValueList>
      </Slot>
      <Slot name="sourcePatientId">
        <ValueList>
          <Value>1^^^&amp;2.16.840.1.113883.4.6&amp;ISO</Value>
        </ValueList>
      </Slot>
      <Slot name="sourcePatientInfo">
        <ValueList>
          <Value>PID-3|1^^^&amp;2.16.840.1.113883.4.6&amp;ISO</Value>
          <Value>PID-5|Jones^Isabella^^^^</Value>
          <Value>PID-7|19470501</Value>
          <Value>PID-8|F</Value>
          <Value>PID-11|1357 Amber Drive^^Beaverton^OR^97006^</Value>
        </ValueList>
      </Slot>
      <Slot name="URI">
        <ValueList>
          <Value>CCDA_AMBULATORY.XML</Value>
        </ValueList>
      </Slot>
      <Slot name="size">
        <ValueList>
          <Value>79482</Value>
        </ValueList>
      </Slot>
      <Slot name="hash">
        <ValueList>
          <Value>986f71360224a1bec649d9e49e91e51bce29de07</Value>
        </ValueList>
      </Slot>
      <Classification id="f3fd26db-c4f8-4448-b75e-86fd97ca53be" objectType="urn:oasis:names:tc:ebxml-regrep:ObjectType:RegistryObject:Classification" classificationScheme="urn:uuid:93606bcf-9494-43ec-9b4e-a7748d1a838d" classifiedObject="655883d1-54a6-4dbb-a616-48e71e46b3e2">
        <Slot name="authorInstitution">
          <ValueList>
            <Value>Get Well Clinic</Value>
          </ValueList>
        </Slot>
      </Classification>
      <Classification id="291de895-ce7c-4af1-96a2-32bd71611ae3" objectType="urn:oasis:names:tc:ebxml-regrep:ObjectType:RegistryObject:Classification" classificationScheme="urn:uuid:a09d5840-386c-46f2-b5ad-9c3699a4309d" classifiedObject="655883d1-54a6-4dbb-a616-48e71e46b3e2" nodeRepresentation="2.16.840.1.113883.10.20.1">
        <Slot name="codingScheme">
          <ValueList>
            <Value>HITSP</Value>
          </ValueList>
        </Slot>
	<Name>
		<LocalizedString value="name"/> 
	</Name>
      </Classification>
      <Classification id="8de404e4-bc86-4ad1-91b1-f05a92c0e5e8" objectType="urn:oasis:names:tc:ebxml-regrep:ObjectType:RegistryObject:Classification" classificationScheme="urn:uuid:f0306f51-975f-434e-a61c-c59651d33983" classifiedObject="655883d1-54a6-4dbb-a616-48e71e46b3e2" nodeRepresentation="34096-8">
        <Slot name="codingScheme">
          <ValueList>
            <Value>LOINC</Value>
          </ValueList>
        </Slot>
	<Name>
		<LocalizedString value="name"/> 
	</Name>
      </Classification>
      <ExternalIdentifier id="5f019031-e25a-465f-a7f3-e815ddf3f8c6" registryObject="655883d1-54a6-4dbb-a616-48e71e46b3e2" 
        identificationScheme="urn:uuid:58a6f841-87b3-4a3e-92fd-a8ffeff98427" value="1^^^&amp;2.16.840.1.113883.4.6&amp;ISO">
        <Name>
          <LocalizedString value="XDSDocumentEntry.patientId" />
        </Name>
      </ExternalIdentifier>
      <ExternalIdentifier id="eafd360d-4afb-48b8-8a78-ecb836e4803b" registryObject="655883d1-54a6-4dbb-a616-48e71e46b3e2" identificationScheme="urn:uuid:2e82c1f6-a085-4c72-9da3-8640a32e42ab" value="1.2.840.114350.1.13.252.1.7.2.688879.02004.634308739192149557.1">
        <Name>
          <LocalizedString value="XDSDocumentEntry.uniqueId" />
        </Name>
      </ExternalIdentifier>
    </ExtrinsicObject>
    <RegistryPackage id="SubmissionSet" status="urn:oasis:names:tc:ebxml-regrep:StatusType:Submitted">
      <Slot name="submissionTime">
        <ValueList>
          <Value>20110117211159</Value>
        </ValueList>
      </Slot>
      <Name>
        <LocalizedString value="Submission Set" />
      </Name>
      <Classification id="b29e663e-9432-496c-8b0b-0c58973819e3" objectType="urn:oasis:names:tc:ebxml-regrep:ObjectType:RegistryObject:Classification" classificationScheme="urn:uuid:a7058bb9-b4e4-4307-ba5b-e3f0ab85e12d" classifiedObject="SubmissionSet">
        <Slot name="authorInstitution">
          <ValueList>
            <Value>Lucy Personal Health Record</Value>
          </ValueList>
        </Slot>
        <Slot name="authorPerson">
          <ValueList>
            <Value>7.6^Epic - Version 7.6</Value>
          </ValueList>
        </Slot>
      </Classification>
      <ExternalIdentifier id="3192c9da-318d-42ec-8853-51c6ff892d09" registryObject="SubmissionSet" 
        identificationScheme="urn:uuid:6b5aea1a-874d-4603-a4bc-96a0a7b38446" value="1^^^&amp;2.16.840.1.113883.4.6&amp;ISO">
        <Name>
          <LocalizedString value="XDSSubmissionSet.patientId" />
        </Name>
      </ExternalIdentifier>
      <ExternalIdentifier id="fefcba76-ab23-4138-96ce-795f02b26d79" registryObject="SubmissionSet" identificationScheme="urn:uuid:554ac39e-e3fe-47fe-b233-965d2a147832" value="1.2.840.114350.1.13.252.1.7.2.688879">
        <Name>
          <LocalizedString value="XDSSubmissionSet.sourceId" />
        </Name>
      </ExternalIdentifier>
      <ExternalIdentifier id="53dadd90-8995-45af-99cf-a36f1ee6a744" registryObject="SubmissionSet" identificationScheme="urn:uuid:96fdda7c-d067-4183-912e-bf5ee74998a8" value="1.2.840.114350.1.13.252.1.7.2.688879.2004.634308739192149557">
        <Name>
          <LocalizedString value="XDSSubmissionSet.uniqueId" />
        </Name>
      </ExternalIdentifier>
    </RegistryPackage>
    <Classification id="c267c50f-1f47-4f8b-8263-54209f2d7d1e" objectType="urn:oasis:names:tc:ebxml-regrep:ObjectType:RegistryObject:Classification" classifiedObject="SubmissionSet" classificationNode="urn:uuid:a54d6aa5-d40d-43f9-88c5-b4633d873bdd" />
    <Association id="373fc557-a7e1-4373-8ab5-a6ac46376791" associationType="urn:oasis:names:tc:ebxml-regrep:AssociationType:HasMember" sourceObject="SubmissionSet" targetObject="655883d1-54a6-4dbb-a616-48e71e46b3e2">
      <Slot name="SubmissionSetStatus">
        <ValueList>
          <Value>Original</Value>
        </ValueList>
      </Slot>
    </Association>
    <ObjectRef id="urn:uuid:7edca82f-054d-47f2-a032-9b2a5b5186c1" />
    <ObjectRef id="urn:uuid:58a6f841-87b3-4a3e-92fd-a8ffeff98427" />
    <ObjectRef id="urn:uuid:2e82c1f6-a085-4c72-9da3-8640a32e42ab" />
    <ObjectRef id="urn:uuid:41a5887f-8865-4c09-adf7-e362475b143a" />
    <ObjectRef id="urn:uuid:f4f85eac-e6cb-4883-b524-f2705394840f" />
    <ObjectRef id="urn:uuid:a09d5840-386c-46f2-b5ad-9c3699a4309d" />
    <ObjectRef id="urn:uuid:f33fb8ac-18af-42cc-ae0e-ed0b0bdb91e1" />
    <ObjectRef id="urn:uuid:cccf5598-8b07-4b77-a05e-ae952c785ead" />
    <ObjectRef id="urn:uuid:f0306f51-975f-434e-a61c-c59651d33983" />
    <ObjectRef id="urn:uuid:6b5aea1a-874d-4603-a4bc-96a0a7b38446" />
    <ObjectRef id="urn:uuid:554ac39e-e3fe-47fe-b233-965d2a147832" />
    <ObjectRef id="urn:uuid:96fdda7c-d067-4183-912e-bf5ee74998a8" />
    <ObjectRef id="urn:uuid:aa543740-bdda-424e-8c96-df4873be8500" />
    <ObjectRef id="urn:uuid:a54d6aa5-d40d-43f9-88c5-b4633d873bdd" />
  </RegistryObjectList>
</SubmitObjectsRequest>
